{
  "n_tasks": 152,
  "n_midpoint_triples": 76,
  "left_recovery_rate": 0.7105263157894737,
  "right_recovery_rate": 0.5657894736842105,
  "both_recovery_rate": 0.39473684210526316,
  "mean_recovery_rate": 0.6381578947368421,
  "tie_or_invalid_rate": 0.05263157894736842
}