{
  "n_tasks": 6,
  "n_midpoint_triples": 3,
  "left_pass_rate": 0.3333333333333333,
  "right_pass_rate": 1.0,
  "both_pass_rate": 0.3333333333333333,
  "mean_shrink_score": 0.6666666666666666,
  "tie_or_invalid_rate": 0.0
}