{
  "n_rows": 924,
  "n_ok": 924,
  "n_error": 0,
  "by_scope_condition": {
    "full143": {
      "base": {
        "n": 154,
        "mean_mr": null,
        "mean_support_recall_hop2": 0.737012987012987,
        "base_em": 0.24675324675324675,
        "strong_em": 0.7857142857142857,
        "base_correct": 38,
        "strong_correct": 121
      },
      "delta_p_custom_signed": {
        "n": 154,
        "mean_mr": null,
        "mean_support_recall_hop2": 0.685064935064935,
        "base_em": 0.22077922077922077,
        "strong_em": 0.7727272727272727,
        "base_correct": 34,
        "strong_correct": 119
      },
      "delta_p_neg_only": {
        "n": 154,
        "mean_mr": null,
        "mean_support_recall_hop2": 0.737012987012987,
        "base_em": 0.2727272727272727,
        "strong_em": 0.7922077922077922,
        "base_correct": 42,
        "strong_correct": 122
      },
      "endpoint_delta_contrastive_raw_C": {
        "n": 154,
        "mean_mr": null,
        "mean_support_recall_hop2": 0.7207792207792207,
        "base_em": 0.23376623376623376,
        "strong_em": 0.7857142857142857,
        "base_correct": 36,
        "strong_correct": 121
      },
      "endpoint_delta_custom_signed": {
        "n": 154,
        "mean_mr": null,
        "mean_support_recall_hop2": 0.7142857142857143,
        "base_em": 0.23376623376623376,
        "strong_em": 0.8051948051948052,
        "base_correct": 36,
        "strong_correct": 124
      },
      "endpoint_delta_neg_only": {
        "n": 154,
        "mean_mr": null,
        "mean_support_recall_hop2": 0.6558441558441559,
        "base_em": 0.23376623376623376,
        "strong_em": 0.7792207792207793,
        "base_correct": 36,
        "strong_correct": 120
      }
    }
  },
  "by_scope_condition_bucket": {
    "full143": {
      "base": {
        "C_clean": {
          "n": 121,
          "mean_mr": null,
          "mean_support_recall_hop2": 0.7603305785123967,
          "base_em": 0.3140495867768595,
          "strong_em": 0.9669421487603306,
          "base_correct": 38,
          "strong_correct": 117
        },
        "W_other": {
          "n": 33,
          "mean_mr": null,
          "mean_support_recall_hop2": 0.6515151515151515,
          "base_em": 0.0,
          "strong_em": 0.12121212121212122,
          "base_correct": 0,
          "strong_correct": 4
        }
      },
      "delta_p_custom_signed": {
        "C_clean": {
          "n": 121,
          "mean_mr": null,
          "mean_support_recall_hop2": 0.6900826446280992,
          "base_em": 0.2809917355371901,
          "strong_em": 0.9338842975206612,
          "base_correct": 34,
          "strong_correct": 113
        },
        "W_other": {
          "n": 33,
          "mean_mr": null,
          "mean_support_recall_hop2": 0.6666666666666666,
          "base_em": 0.0,
          "strong_em": 0.18181818181818182,
          "base_correct": 0,
          "strong_correct": 6
        }
      },
      "delta_p_neg_only": {
        "C_clean": {
          "n": 121,
          "mean_mr": null,
          "mean_support_recall_hop2": 0.7520661157024794,
          "base_em": 0.33884297520661155,
          "strong_em": 0.9752066115702479,
          "base_correct": 41,
          "strong_correct": 118
        },
        "W_other": {
          "n": 33,
          "mean_mr": null,
          "mean_support_recall_hop2": 0.6818181818181818,
          "base_em": 0.030303030303030304,
          "strong_em": 0.12121212121212122,
          "base_correct": 1,
          "strong_correct": 4
        }
      },
      "endpoint_delta_contrastive_raw_C": {
        "C_clean": {
          "n": 121,
          "mean_mr": null,
          "mean_support_recall_hop2": 0.7396694214876033,
          "base_em": 0.2892561983471074,
          "strong_em": 0.9752066115702479,
          "base_correct": 35,
          "strong_correct": 118
        },
        "W_other": {
          "n": 33,
          "mean_mr": null,
          "mean_support_recall_hop2": 0.6515151515151515,
          "base_em": 0.030303030303030304,
          "strong_em": 0.09090909090909091,
          "base_correct": 1,
          "strong_correct": 3
        }
      },
      "endpoint_delta_custom_signed": {
        "C_clean": {
          "n": 121,
          "mean_mr": null,
          "mean_support_recall_hop2": 0.71900826446281,
          "base_em": 0.2892561983471074,
          "strong_em": 0.9752066115702479,
          "base_correct": 35,
          "strong_correct": 118
        },
        "W_other": {
          "n": 33,
          "mean_mr": null,
          "mean_support_recall_hop2": 0.696969696969697,
          "base_em": 0.030303030303030304,
          "strong_em": 0.18181818181818182,
          "base_correct": 1,
          "strong_correct": 6
        }
      },
      "endpoint_delta_neg_only": {
        "C_clean": {
          "n": 121,
          "mean_mr": null,
          "mean_support_recall_hop2": 0.6735537190082644,
          "base_em": 0.2892561983471074,
          "strong_em": 0.9504132231404959,
          "base_correct": 35,
          "strong_correct": 115
        },
        "W_other": {
          "n": 33,
          "mean_mr": null,
          "mean_support_recall_hop2": 0.5909090909090909,
          "base_em": 0.030303030303030304,
          "strong_em": 0.15151515151515152,
          "base_correct": 1,
          "strong_correct": 5
        }
      }
    }
  },
  "flip_vs_base": {
    "strong": {
      "full143": {
        "base": {
          "n": 154,
          "W_to_R": 0,
          "R_to_W": 0,
          "stable_right": 121,
          "stable_wrong": 33,
          "missing_base": 0,
          "net": 0,
          "flip_rate": 0.0,
          "W_to_R_rate": 0.0,
          "R_to_W_rate": 0.0
        },
        "delta_p_custom_signed": {
          "n": 154,
          "W_to_R": 5,
          "R_to_W": 7,
          "stable_right": 114,
          "stable_wrong": 28,
          "missing_base": 0,
          "net": -2,
          "flip_rate": 0.07792207792207792,
          "W_to_R_rate": 0.032467532467532464,
          "R_to_W_rate": 0.045454545454545456
        },
        "delta_p_neg_only": {
          "n": 154,
          "W_to_R": 3,
          "R_to_W": 2,
          "stable_right": 119,
          "stable_wrong": 30,
          "missing_base": 0,
          "net": 1,
          "flip_rate": 0.032467532467532464,
          "W_to_R_rate": 0.01948051948051948,
          "R_to_W_rate": 0.012987012987012988
        },
        "endpoint_delta_contrastive_raw_C": {
          "n": 154,
          "W_to_R": 4,
          "R_to_W": 4,
          "stable_right": 117,
          "stable_wrong": 29,
          "missing_base": 0,
          "net": 0,
          "flip_rate": 0.05194805194805195,
          "W_to_R_rate": 0.025974025974025976,
          "R_to_W_rate": 0.025974025974025976
        },
        "endpoint_delta_custom_signed": {
          "n": 154,
          "W_to_R": 4,
          "R_to_W": 1,
          "stable_right": 120,
          "stable_wrong": 29,
          "missing_base": 0,
          "net": 3,
          "flip_rate": 0.032467532467532464,
          "W_to_R_rate": 0.025974025974025976,
          "R_to_W_rate": 0.006493506493506494
        },
        "endpoint_delta_neg_only": {
          "n": 154,
          "W_to_R": 4,
          "R_to_W": 5,
          "stable_right": 116,
          "stable_wrong": 29,
          "missing_base": 0,
          "net": -1,
          "flip_rate": 0.05844155844155844,
          "W_to_R_rate": 0.025974025974025976,
          "R_to_W_rate": 0.032467532467532464
        }
      }
    },
    "base": {
      "full143": {
        "base": {
          "n": 154,
          "W_to_R": 0,
          "R_to_W": 0,
          "stable_right": 38,
          "stable_wrong": 116,
          "missing_base": 0,
          "net": 0,
          "flip_rate": 0.0,
          "W_to_R_rate": 0.0,
          "R_to_W_rate": 0.0
        },
        "delta_p_custom_signed": {
          "n": 154,