{
  "n_rows": 918,
  "n_ok": 918,
  "n_error": 0,
  "by_scope_condition": {
    "full143": {
      "base": {
        "n": 153,
        "mean_mr": null,
        "mean_support_recall_hop2": 0.7450980392156863,
        "base_em": 0.2679738562091503,
        "strong_em": 0.7647058823529411,
        "base_correct": 41,
        "strong_correct": 117
      },
      "delta_p_custom_signed": {
        "n": 153,
        "mean_mr": null,
        "mean_support_recall_hop2": 0.8104575163398693,
        "base_em": 0.2549019607843137,
        "strong_em": 0.7843137254901961,
        "base_correct": 39,
        "strong_correct": 120
      },
      "delta_p_neg_only": {
        "n": 153,
        "mean_mr": null,
        "mean_support_recall_hop2": 0.7156862745098039,
        "base_em": 0.2549019607843137,
        "strong_em": 0.7843137254901961,
        "base_correct": 39,
        "strong_correct": 120
      },
      "endpoint_delta_contrastive_raw_C": {
        "n": 153,
        "mean_mr": null,
        "mean_support_recall_hop2": 0.7189542483660131,
        "base_em": 0.21568627450980393,
        "strong_em": 0.7843137254901961,
        "base_correct": 33,
        "strong_correct": 120
      },
      "endpoint_delta_custom_signed": {
        "n": 153,
        "mean_mr": null,
        "mean_support_recall_hop2": 0.7908496732026143,
        "base_em": 0.22875816993464052,
        "strong_em": 0.7973856209150327,
        "base_correct": 35,
        "strong_correct": 122
      },
      "endpoint_delta_neg_only": {
        "n": 153,
        "mean_mr": null,
        "mean_support_recall_hop2": 0.7320261437908496,
        "base_em": 0.24183006535947713,
        "strong_em": 0.7843137254901961,
        "base_correct": 37,
        "strong_correct": 120
      }
    }
  },
  "by_scope_condition_bucket": {
    "full143": {
      "base": {
        "C_clean": {
          "n": 121,
          "mean_mr": null,
          "mean_support_recall_hop2": 0.7520661157024794,
          "base_em": 0.3305785123966942,
          "strong_em": 0.9338842975206612,
          "base_correct": 40,
          "strong_correct": 113
        },
        "W_other": {
          "n": 32,
          "mean_mr": null,
          "mean_support_recall_hop2": 0.71875,
          "base_em": 0.03125,
          "strong_em": 0.125,
          "base_correct": 1,
          "strong_correct": 4
        }
      },
      "delta_p_custom_signed": {
        "C_clean": {
          "n": 121,
          "mean_mr": null,
          "mean_support_recall_hop2": 0.8264462809917356,
          "base_em": 0.3140495867768595,
          "strong_em": 0.9586776859504132,
          "base_correct": 38,
          "strong_correct": 116
        },
        "W_other": {
          "n": 32,
          "mean_mr": null,
          "mean_support_recall_hop2": 0.75,
          "base_em": 0.03125,
          "strong_em": 0.125,
          "base_correct": 1,
          "strong_correct": 4
        }
      },
      "delta_p_neg_only": {
        "C_clean": {
          "n": 121,
          "mean_mr": null,
          "mean_support_recall_hop2": 0.7396694214876033,
          "base_em": 0.3140495867768595,
          "strong_em": 0.9586776859504132,
          "base_correct": 38,
          "strong_correct": 116
        },
        "W_other": {
          "n": 32,
          "mean_mr": null,
          "mean_support_recall_hop2": 0.625,
          "base_em": 0.03125,
          "strong_em": 0.125,
          "base_correct": 1,
          "strong_correct": 4
        }
      },
      "endpoint_delta_contrastive_raw_C": {
        "C_clean": {
          "n": 121,
          "mean_mr": null,
          "mean_support_recall_hop2": 0.7355371900826446,
          "base_em": 0.2644628099173554,
          "strong_em": 0.9586776859504132,
          "base_correct": 32,
          "strong_correct": 116
        },
        "W_other": {
          "n": 32,
          "mean_mr": null,
          "mean_support_recall_hop2": 0.65625,
          "base_em": 0.03125,
          "strong_em": 0.125,
          "base_correct": 1,
          "strong_correct": 4
        }
      },
      "endpoint_delta_custom_signed": {
        "C_clean": {
          "n": 121,
          "mean_mr": null,
          "mean_support_recall_hop2": 0.7933884297520661,
          "base_em": 0.2809917355371901,
          "strong_em": 0.9504132231404959,
          "base_correct": 34,
          "strong_correct": 115
        },
        "W_other": {
          "n": 32,
          "mean_mr": null,
          "mean_support_recall_hop2": 0.78125,
          "base_em": 0.03125,
          "strong_em": 0.21875,
          "base_correct": 1,
          "strong_correct": 7
        }
      },
      "endpoint_delta_neg_only": {
        "C_clean": {
          "n": 121,
          "mean_mr": null,
          "mean_support_recall_hop2": 0.743801652892562,
          "base_em": 0.2975206611570248,
          "strong_em": 0.9586776859504132,
          "base_correct": 36,
          "strong_correct": 116
        },
        "W_other": {
          "n": 32,
          "mean_mr": null,
          "mean_support_recall_hop2": 0.6875,
          "base_em": 0.03125,
          "strong_em": 0.125,
          "base_correct": 1,
          "strong_correct": 4
        }
      }
    }
  },
  "flip_vs_base": {
    "strong": {
      "full143": {
        "base": {
          "n": 153,
          "W_to_R": 0,
          "R_to_W": 0,
          "stable_right": 117,
          "stable_wrong": 36,
          "missing_base": 0,
          "net": 0,
          "flip_rate": 0.0,
          "W_to_R_rate": 0.0,
          "R_to_W_rate": 0.0
        },
        "delta_p_custom_signed": {
          "n": 153,
          "W_to_R": 8,
          "R_to_W": 5,
          "stable_right": 112,
          "stable_wrong": 28,
          "missing_base": 0,
          "net": 3,
          "flip_rate": 0.08496732026143791,
          "W_to_R_rate": 0.05228758169934641,
          "R_to_W_rate": 0.032679738562091505
        },
        "delta_p_neg_only": {
          "n": 153,
          "W_to_R": 7,
          "R_to_W": 4,
          "stable_right": 113,
          "stable_wrong": 29,
          "missing_base": 0,
          "net": 3,
          "flip_rate": 0.0718954248366013,
          "W_to_R_rate": 0.0457516339869281,
          "R_to_W_rate": 0.026143790849673203
        },
        "endpoint_delta_contrastive_raw_C": {
          "n": 153,
          "W_to_R": 6,
          "R_to_W": 3,
          "stable_right": 114,
          "stable_wrong": 30,
          "missing_base": 0,
          "net": 3,
          "flip_rate": 0.058823529411764705,
          "W_to_R_rate": 0.0392156862745098,
          "R_to_W_rate": 0.0196078431372549
        },
        "endpoint_delta_custom_signed": {
          "n": 153,
          "W_to_R": 7,
          "R_to_W": 2,
          "stable_right": 115,
          "stable_wrong": 29,
          "missing_base": 0,
          "net": 5,
          "flip_rate": 0.058823529411764705,
          "W_to_R_rate": 0.0457516339869281,
          "R_to_W_rate": 0.013071895424836602
        },
        "endpoint_delta_neg_only": {
          "n": 153,
          "W_to_R": 8,
          "R_to_W": 5,
          "stable_right": 112,
          "stable_wrong": 28,
          "missing_base": 0,
          "net": 3,
          "flip_rate": 0.08496732026143791,
          "W_to_R_rate": 0.05228758169934641,
          "R_to_W_rate": 0.032679738562091505
        }
      }
    },
    "base": {
      "full143": {
        "base": {
          "n": 153,
          "W_to_R": 0,
          "R_to_W": 0,
          "stable_right": 41,
          "stable_wrong": 112,
          "missing_base": 0,
          "net": 0,
          "flip_rate": 0.0,
          "W_to_R_rate": 0.0,
          "R_to_W_rate": 0.0
        },
        "delta_p_custom_signed": {
          "n": 153,
          "W_to_R": 10,
          "R_to_W": 12,
          "stable_right": 29,
          "stable_wrong": 102,
          "missing_base": 0,
          "net": -2,
          "flip_rate": 0.1437908496732026,