{
  "n_rows": 924,
  "n_ok": 924,
  "n_error": 0,
  "by_scope_condition": {
    "full143": {
      "base": {
        "n": 154,
        "mean_mr": null,
        "mean_support_recall_hop2": 0.737012987012987,
        "base_em": 0.22077922077922077,
        "strong_em": 0.7987012987012987,
        "base_correct": 34,
        "strong_correct": 123
      },
      "delta_p_custom_signed": {
        "n": 154,
        "mean_mr": null,
        "mean_support_recall_hop2": 0.762987012987013,
        "base_em": 0.21428571428571427,
        "strong_em": 0.7922077922077922,
        "base_correct": 33,
        "strong_correct": 122
      },
      "delta_p_neg_only": {
        "n": 154,
        "mean_mr": null,
        "mean_support_recall_hop2": 0.7272727272727273,
        "base_em": 0.24675324675324675,
        "strong_em": 0.7922077922077922,
        "base_correct": 38,
        "strong_correct": 122
      },
      "endpoint_delta_contrastive_raw_C": {
        "n": 154,
        "mean_mr": null,
        "mean_support_recall_hop2": 0.698051948051948,
        "base_em": 0.22727272727272727,
        "strong_em": 0.7987012987012987,
        "base_correct": 35,
        "strong_correct": 123
      },
      "endpoint_delta_custom_signed": {
        "n": 154,
        "mean_mr": null,
        "mean_support_recall_hop2": 0.724025974025974,
        "base_em": 0.23376623376623376,
        "strong_em": 0.7857142857142857,
        "base_correct": 36,
        "strong_correct": 121
      },
      "endpoint_delta_neg_only": {
        "n": 154,
        "mean_mr": null,
        "mean_support_recall_hop2": 0.7305194805194806,
        "base_em": 0.2532467532467532,
        "strong_em": 0.7987012987012987,
        "base_correct": 39,
        "strong_correct": 123
      }
    }
  },
  "by_scope_condition_bucket": {
    "full143": {
      "base": {
        "C_clean": {
          "n": 122,
          "mean_mr": null,
          "mean_support_recall_hop2": 0.7663934426229508,
          "base_em": 0.27049180327868855,
          "strong_em": 0.9754098360655737,
          "base_correct": 33,
          "strong_correct": 119
        },
        "W_other": {
          "n": 32,
          "mean_mr": null,
          "mean_support_recall_hop2": 0.625,
          "base_em": 0.03125,
          "strong_em": 0.125,
          "base_correct": 1,
          "strong_correct": 4
        }
      },
      "delta_p_custom_signed": {
        "C_clean": {
          "n": 122,
          "mean_mr": null,
          "mean_support_recall_hop2": 0.7868852459016393,
          "base_em": 0.26229508196721313,
          "strong_em": 0.9590163934426229,
          "base_correct": 32,
          "strong_correct": 117
        },
        "W_other": {
          "n": 32,
          "mean_mr": null,
          "mean_support_recall_hop2": 0.671875,
          "base_em": 0.03125,
          "strong_em": 0.15625,
          "base_correct": 1,
          "strong_correct": 5
        }
      },
      "delta_p_neg_only": {
        "C_clean": {
          "n": 122,
          "mean_mr": null,
          "mean_support_recall_hop2": 0.7418032786885246,
          "base_em": 0.30327868852459017,
          "strong_em": 0.9508196721311475,
          "base_correct": 37,
          "strong_correct": 116
        },
        "W_other": {
          "n": 32,
          "mean_mr": null,
          "mean_support_recall_hop2": 0.671875,
          "base_em": 0.03125,
          "strong_em": 0.1875,
          "base_correct": 1,
          "strong_correct": 6
        }
      },
      "endpoint_delta_contrastive_raw_C": {
        "C_clean": {
          "n": 122,
          "mean_mr": null,
          "mean_support_recall_hop2": 0.7131147540983607,
          "base_em": 0.2786885245901639,
          "strong_em": 0.9754098360655737,
          "base_correct": 34,
          "strong_correct": 119
        },
        "W_other": {
          "n": 32,
          "mean_mr": null,
          "mean_support_recall_hop2": 0.640625,
          "base_em": 0.03125,
          "strong_em": 0.125,
          "base_correct": 1,
          "strong_correct": 4
        }
      },
      "endpoint_delta_custom_signed": {
        "C_clean": {
          "n": 122,
          "mean_mr": null,
          "mean_support_recall_hop2": 0.75,
          "base_em": 0.28688524590163933,
          "strong_em": 0.9590163934426229,
          "base_correct": 35,
          "strong_correct": 117
        },
        "W_other": {
          "n": 32,
          "mean_mr": null,
          "mean_support_recall_hop2": 0.625,
          "base_em": 0.03125,
          "strong_em": 0.125,
          "base_correct": 1,
          "strong_correct": 4
        }
      },
      "endpoint_delta_neg_only": {
        "C_clean": {
          "n": 122,
          "mean_mr": null,
          "mean_support_recall_hop2": 0.7254098360655737,
          "base_em": 0.30327868852459017,
          "strong_em": 0.9508196721311475,
          "base_correct": 37,
          "strong_correct": 116
        },
        "W_other": {
          "n": 32,
          "mean_mr": null,
          "mean_support_recall_hop2": 0.75,
          "base_em": 0.0625,
          "strong_em": 0.21875,
          "base_correct": 2,
          "strong_correct": 7
        }
      }
    }
  },
  "flip_vs_base": {
    "strong": {
      "full143": {
        "base": {
          "n": 154,
          "W_to_R": 0,
          "R_to_W": 0,
          "stable_right": 123,
          "stable_wrong": 31,
          "missing_base": 0,
          "net": 0,
          "flip_rate": 0.0,
          "W_to_R_rate": 0.0,
          "R_to_W_rate": 0.0
        },
        "delta_p_custom_signed": {
          "n": 154,
          "W_to_R": 3,
          "R_to_W": 4,
          "stable_right": 119,
          "stable_wrong": 28,
          "missing_base": 0,
          "net": -1,
          "flip_rate": 0.045454545454545456,
          "W_to_R_rate": 0.01948051948051948,
          "R_to_W_rate": 0.025974025974025976
        },
        "delta_p_neg_only": {
          "n": 154,
          "W_to_R": 3,
          "R_to_W": 4,
          "stable_right": 119,
          "stable_wrong": 28,
          "missing_base": 0,
          "net": -1,
          "flip_rate": 0.045454545454545456,
          "W_to_R_rate": 0.01948051948051948,
          "R_to_W_rate": 0.025974025974025976
        },
        "endpoint_delta_contrastive_raw_C": {
          "n": 154,
          "W_to_R": 3,
          "R_to_W": 3,
          "stable_right": 120,
          "stable_wrong": 28,
          "missing_base": 0,
          "net": 0,
          "flip_rate": 0.03896103896103896,
          "W_to_R_rate": 0.01948051948051948,
          "R_to_W_rate": 0.01948051948051948
        },
        "endpoint_delta_custom_signed": {
          "n": 154,
          "W_to_R": 2,
          "R_to_W": 4,
          "stable_right": 119,
          "stable_wrong": 29,
          "missing_base": 0,
          "net": -2,
          "flip_rate": 0.03896103896103896,
          "W_to_R_rate": 0.012987012987012988,
          "R_to_W_rate": 0.025974025974025976
        },
        "endpoint_delta_neg_only": {
          "n": 154,
          "W_to_R": 6,
          "R_to_W": 6,
          "stable_right": 117,
          "stable_wrong": 25,
          "missing_base": 0,
          "net": 0,
          "flip_rate": 0.07792207792207792,
          "W_to_R_rate": 0.03896103896103896,
          "R_to_W_rate": 0.03896103896103896
        }
      }
    },
    "base": {
      "full143": {
        "base": {
          "n": 154,
          "W_to_R": 0,
          "R_to_W": 0,
          "stable_right": 34,
          "stable_wrong": 120,
          "missing_base": 0,
          "net": 0,
          "flip_rate": 0.0,
          "W_to_R_rate": 0.0,
          "R_to_W_rate": 0.0
        },
        "delta_p_custom_signed": {
          "n": 154,
          "W_to_R": 7,
          "R_to_W": 8,
          "stable_right": 26,
          "stable_wrong": 113,
          "missing_base": 0,
          "net": -1,
          "flip_rate": 0.09740259740259741,