{
  "n_rows": 459,
  "n_ok": 459,
  "n_error": 0,
  "by_scope_condition": {
    "batch2": {
      "endpoint_delta_custom_preserve": {
        "n": 10,
        "mean_mr": 0.5555555555555556,
        "mean_mr_stderr": 0.17568209223157663,
        "mean_support_recall_hop2": 0.5,
        "strong_em": 0.5,
        "base_em": 0.0,
        "strong_correct": 5,
        "base_correct": 0,
        "mean_current_mr": 0.4,
        "delta_mr_vs_current": 0.15555555555555556,
        "current_em": 0.4,
        "delta_strong_em_vs_current": 0.09999999999999998
      },
      "endpoint_delta_custom_signed": {
        "n": 10,
        "mean_mr": 0.4444444444444444,
        "mean_mr_stderr": 0.17568209223157663,
        "mean_support_recall_hop2": 0.45,
        "strong_em": 0.4,
        "base_em": 0.1,
        "strong_correct": 4,
        "base_correct": 1,
        "mean_current_mr": 0.4,
        "delta_mr_vs_current": 0.0444444444444444,
        "current_em": 0.4,
        "delta_strong_em_vs_current": 0.0
      },
      "endpoint_delta_neg_only": {
        "n": 10,
        "mean_mr": 0.4444444444444444,
        "mean_mr_stderr": 0.17568209223157663,
        "mean_support_recall_hop2": 0.5,
        "strong_em": 0.4,
        "base_em": 0.1,
        "strong_correct": 4,
        "base_correct": 1,
        "mean_current_mr": 0.4,
        "delta_mr_vs_current": 0.0444444444444444,
        "current_em": 0.4,
        "delta_strong_em_vs_current": 0.0
      }
    },
    "full143": {
      "endpoint_delta_custom_preserve": {
        "n": 143,
        "mean_mr": 0.5224719101123596,
        "mean_mr_stderr": 0.05233936973816429,
        "mean_support_recall_hop2": 0.6573426573426573,
        "strong_em": 0.5944055944055944,
        "base_em": 0.23076923076923078,
        "strong_correct": 85,
        "base_correct": 33,
        "mean_current_mr": 0.7097902097902098,
        "delta_mr_vs_current": -0.1873182996778502,
        "current_em": 0.6013986013986014,
        "delta_strong_em_vs_current": -0.006993006993006978
      },
      "endpoint_delta_custom_signed": {
        "n": 143,
        "mean_mr": 0.5337078651685393,
        "mean_mr_stderr": 0.05227079985448644,
        "mean_support_recall_hop2": 0.6363636363636364,
        "strong_em": 0.5944055944055944,
        "base_em": 0.1958041958041958,
        "strong_correct": 85,
        "base_correct": 28,
        "mean_current_mr": 0.7097902097902098,
        "delta_mr_vs_current": -0.1760823446216705,
        "current_em": 0.6013986013986014,
        "delta_strong_em_vs_current": -0.006993006993006978
      },
      "endpoint_delta_neg_only": {
        "n": 143,
        "mean_mr": 0.5,
        "mean_mr_stderr": 0.05239416103266327,
        "mean_support_recall_hop2": 0.6503496503496503,
        "strong_em": 0.5734265734265734,
        "base_em": 0.1958041958041958,
        "strong_correct": 82,
        "base_correct": 28,
        "mean_current_mr": 0.7097902097902098,
        "delta_mr_vs_current": -0.2097902097902098,
        "current_em": 0.6013986013986014,
        "delta_strong_em_vs_current": -0.027972027972027913
      }
    }
  },
  "split": "experiments/prompt_update_qwen3_8b/data/positive_safety_b10_split_seed0.json",
  "case_state_index": "experiments/prompt_update_qwen3_8b/cache/positive_safety/case_state_index.json",
  "prompts": "experiments/prompt_update_qwen3_8b/results/positive_safety_b10_batch2_prompts_endpoint_group.jsonl",
  "out": "experiments/prompt_update_qwen3_8b/results/positive_safety_b10_batch2_eval_endpoint_group.jsonl",
  "model": "Qwen/Qwen3-8B",
  "base_url": "http://localhost:4567/v1",
  "composition": "mixed_custom",
  "batch_id": 2,
  "scopes": [
    "batch",
    "full143"
  ],
  "conditions": null,
  "retriever_dir": "examples/hotpotqa",
  "k": 7
}