{
  "n_rows": 459,
  "n_ok": 459,
  "n_error": 0,
  "by_scope_condition": {
    "batch0": {
      "endpoint_delta_custom_preserve": {
        "n": 10,
        "mean_mr": 0.42857142857142855,
        "mean_mr_stderr": 0.2020305089104421,
        "mean_support_recall_hop2": 0.65,
        "strong_em": 0.4,
        "base_em": 0.2,
        "strong_correct": 4,
        "base_correct": 2,
        "mean_current_mr": 0.4,
        "delta_mr_vs_current": 0.028571428571428525,
        "current_em": 0.4,
        "delta_strong_em_vs_current": 0.0
      },
      "endpoint_delta_custom_signed": {
        "n": 10,
        "mean_mr": 0.2857142857142857,
        "mean_mr_stderr": 0.18442777839082938,
        "mean_support_recall_hop2": 0.55,
        "strong_em": 0.5,
        "base_em": 0.2,
        "strong_correct": 5,
        "base_correct": 2,
        "mean_current_mr": 0.4,
        "delta_mr_vs_current": -0.11428571428571432,
        "current_em": 0.4,
        "delta_strong_em_vs_current": 0.09999999999999998
      },
      "endpoint_delta_neg_only": {
        "n": 10,
        "mean_mr": 0.42857142857142855,
        "mean_mr_stderr": 0.2020305089104421,
        "mean_support_recall_hop2": 0.6,
        "strong_em": 0.5,
        "base_em": 0.2,
        "strong_correct": 5,
        "base_correct": 2,
        "mean_current_mr": 0.4,
        "delta_mr_vs_current": 0.028571428571428525,
        "current_em": 0.4,
        "delta_strong_em_vs_current": 0.09999999999999998
      }
    },
    "full143": {
      "endpoint_delta_custom_preserve": {
        "n": 143,
        "mean_mr": 0.5337078651685393,
        "mean_mr_stderr": 0.05227079985448644,
        "mean_support_recall_hop2": 0.7027972027972028,
        "strong_em": 0.6083916083916084,
        "base_em": 0.22377622377622378,
        "strong_correct": 87,
        "base_correct": 32,
        "mean_current_mr": 0.7097902097902098,
        "delta_mr_vs_current": -0.1760823446216705,
        "current_em": 0.6013986013986014,
        "delta_strong_em_vs_current": 0.006993006993007089
      },
      "endpoint_delta_custom_signed": {
        "n": 143,
        "mean_mr": 0.5,
        "mean_mr_stderr": 0.05239416103266327,
        "mean_support_recall_hop2": 0.6573426573426573,
        "strong_em": 0.6013986013986014,
        "base_em": 0.18181818181818182,
        "strong_correct": 86,
        "base_correct": 26,
        "mean_current_mr": 0.7097902097902098,
        "delta_mr_vs_current": -0.2097902097902098,
        "current_em": 0.6013986013986014,
        "delta_strong_em_vs_current": 0.0
      },
      "endpoint_delta_neg_only": {
        "n": 143,
        "mean_mr": 0.5,
        "mean_mr_stderr": 0.05239416103266327,
        "mean_support_recall_hop2": 0.6713286713286714,
        "strong_em": 0.5944055944055944,
        "base_em": 0.20279720279720279,
        "strong_correct": 85,
        "base_correct": 29,
        "mean_current_mr": 0.7097902097902098,
        "delta_mr_vs_current": -0.2097902097902098,
        "current_em": 0.6013986013986014,
        "delta_strong_em_vs_current": -0.006993006993006978
      }
    }
  },
  "split": "experiments/prompt_update_qwen3_8b/data/positive_safety_b10_split_seed0.json",
  "case_state_index": "experiments/prompt_update_qwen3_8b/cache/positive_safety/case_state_index.json",
  "prompts": "experiments/prompt_update_qwen3_8b/results/positive_safety_b10_batch0_prompts_endpoint_group.jsonl",
  "out": "experiments/prompt_update_qwen3_8b/results/positive_safety_b10_batch0_eval_endpoint_group.jsonl",
  "model": "Qwen/Qwen3-8B",
  "base_url": "http://localhost:4567/v1",
  "composition": "mixed_custom",
  "batch_id": 0,
  "scopes": [
    "batch",
    "full143"
  ],
  "conditions": null,
  "retriever_dir": "examples/hotpotqa",
  "k": 7
}