{
  "n_rows": 459,
  "n_ok": 459,
  "n_error": 0,
  "by_scope_condition": {
    "batch1": {
      "endpoint_delta_custom_preserve": {
        "n": 10,
        "mean_mr": 0.3333333333333333,
        "mean_mr_stderr": 0.16666666666666666,
        "mean_support_recall_hop2": 0.55,
        "strong_em": 0.5,
        "base_em": 0.2,
        "strong_correct": 5,
        "base_correct": 2,
        "mean_current_mr": 0.4,
        "delta_mr_vs_current": -0.06666666666666671,
        "current_em": 0.4,
        "delta_strong_em_vs_current": 0.09999999999999998
      },
      "endpoint_delta_custom_signed": {
        "n": 10,
        "mean_mr": 0.3333333333333333,
        "mean_mr_stderr": 0.16666666666666666,
        "mean_support_recall_hop2": 0.5,
        "strong_em": 0.5,
        "base_em": 0.2,
        "strong_correct": 5,
        "base_correct": 2,
        "mean_current_mr": 0.4,
        "delta_mr_vs_current": -0.06666666666666671,
        "current_em": 0.4,
        "delta_strong_em_vs_current": 0.09999999999999998
      },
      "endpoint_delta_neg_only": {
        "n": 10,
        "mean_mr": 0.4444444444444444,
        "mean_mr_stderr": 0.17568209223157663,
        "mean_support_recall_hop2": 0.6,
        "strong_em": 0.4,
        "base_em": 0.0,
        "strong_correct": 4,
        "base_correct": 0,
        "mean_current_mr": 0.4,
        "delta_mr_vs_current": 0.0444444444444444,
        "current_em": 0.4,
        "delta_strong_em_vs_current": 0.0
      }
    },
    "full143": {
      "endpoint_delta_custom_preserve": {
        "n": 143,
        "mean_mr": 0.5561797752808989,
        "mean_mr_stderr": 0.052050769201945866,
        "mean_support_recall_hop2": 0.7062937062937062,
        "strong_em": 0.5804195804195804,
        "base_em": 0.23076923076923078,
        "strong_correct": 83,
        "base_correct": 33,
        "mean_current_mr": 0.7097902097902098,
        "delta_mr_vs_current": -0.1536104345093109,
        "current_em": 0.6013986013986014,
        "delta_strong_em_vs_current": -0.020979020979020935
      },
      "endpoint_delta_custom_signed": {
        "n": 143,
        "mean_mr": 0.550561797752809,
        "mean_mr_stderr": 0.05180904071156452,
        "mean_support_recall_hop2": 0.7027972027972028,
        "strong_em": 0.5804195804195804,
        "base_em": 0.23076923076923078,
        "strong_correct": 83,
        "base_correct": 33,
        "mean_current_mr": 0.7097902097902098,
        "delta_mr_vs_current": -0.1592284120374008,
        "current_em": 0.6013986013986014,
        "delta_strong_em_vs_current": -0.020979020979020935
      },
      "endpoint_delta_neg_only": {
        "n": 143,
        "mean_mr": 0.5449438202247191,
        "mean_mr_stderr": 0.05217465062080537,
        "mean_support_recall_hop2": 0.6958041958041958,
        "strong_em": 0.5874125874125874,
        "base_em": 0.2097902097902098,
        "strong_correct": 84,
        "base_correct": 30,
        "mean_current_mr": 0.7097902097902098,
        "delta_mr_vs_current": -0.1648463895654907,
        "current_em": 0.6013986013986014,
        "delta_strong_em_vs_current": -0.013986013986013957
      }
    }
  },
  "split": "experiments/prompt_update_qwen3_8b/data/positive_safety_b10_split_seed0.json",
  "case_state_index": "experiments/prompt_update_qwen3_8b/cache/positive_safety/case_state_index.json",
  "prompts": "experiments/prompt_update_qwen3_8b/results/positive_safety_b10_batch1_prompts_endpoint_group.jsonl",
  "out": "experiments/prompt_update_qwen3_8b/results/positive_safety_b10_batch1_eval_endpoint_group.jsonl",
  "model": "Qwen/Qwen3-8B",
  "base_url": "http://localhost:4567/v1",
  "composition": "mixed_custom",
  "batch_id": 1,
  "scopes": [
    "batch",
    "full143"
  ],
  "conditions": null,
  "retriever_dir": "examples/hotpotqa",
  "k": 7
}