{
  "n_rows": 612,
  "n_ok": 612,
  "n_error": 0,
  "by_scope_condition": {
    "batch2": {
      "base": {
        "n": 10,
        "mean_mr": 0.4444444444444444,
        "mean_mr_stderr": 0.17568209223157663,
        "mean_support_recall_hop2": 0.55,
        "strong_em": 0.3,
        "base_em": 0.0,
        "strong_correct": 3,
        "base_correct": 0,
        "mean_current_mr": 0.4,
        "delta_mr_vs_current": 0.0444444444444444,
        "current_em": 0.4,
        "delta_strong_em_vs_current": -0.10000000000000003
      },
      "delta_p_custom_preserve": {
        "n": 10,
        "mean_mr": 0.4444444444444444,
        "mean_mr_stderr": 0.17568209223157663,
        "mean_support_recall_hop2": 0.45,
        "strong_em": 0.4,
        "base_em": 0.0,
        "strong_correct": 4,
        "base_correct": 0,
        "mean_current_mr": 0.4,
        "delta_mr_vs_current": 0.0444444444444444,
        "current_em": 0.4,
        "delta_strong_em_vs_current": 0.0
      },
      "delta_p_custom_signed": {
        "n": 10,
        "mean_mr": 0.5555555555555556,
        "mean_mr_stderr": 0.17568209223157663,
        "mean_support_recall_hop2": 0.6,
        "strong_em": 0.4,
        "base_em": 0.0,
        "strong_correct": 4,
        "base_correct": 0,
        "mean_current_mr": 0.4,
        "delta_mr_vs_current": 0.15555555555555556,
        "current_em": 0.4,
        "delta_strong_em_vs_current": 0.0
      },
      "delta_p_neg_only": {
        "n": 10,
        "mean_mr": 0.4444444444444444,
        "mean_mr_stderr": 0.17568209223157663,
        "mean_support_recall_hop2": 0.45,
        "strong_em": 0.3,
        "base_em": 0.1,
        "strong_correct": 3,
        "base_correct": 1,
        "mean_current_mr": 0.4,
        "delta_mr_vs_current": 0.0444444444444444,
        "current_em": 0.4,
        "delta_strong_em_vs_current": -0.10000000000000003
      }
    },
    "full143": {
      "base": {
        "n": 143,
        "mean_mr": 0.5393258426966292,
        "mean_mr_stderr": 0.05191968481134413,
        "mean_support_recall_hop2": 0.7097902097902098,
        "strong_em": 0.6153846153846154,
        "base_em": 0.1888111888111888,
        "strong_correct": 88,
        "base_correct": 27,
        "mean_current_mr": 0.7097902097902098,
        "delta_mr_vs_current": -0.1704643670935806,
        "current_em": 0.6013986013986014,
        "delta_strong_em_vs_current": 0.013986013986014068
      },
      "delta_p_custom_preserve": {
        "n": 143,
        "mean_mr": 0.5,
        "mean_mr_stderr": 0.05239416103266327,
        "mean_support_recall_hop2": 0.6783216783216783,
        "strong_em": 0.6013986013986014,
        "base_em": 0.16783216783216784,
        "strong_correct": 86,
        "base_correct": 24,
        "mean_current_mr": 0.7097902097902098,
        "delta_mr_vs_current": -0.2097902097902098,
        "current_em": 0.6013986013986014,
        "delta_strong_em_vs_current": 0.0
      },
      "delta_p_custom_signed": {
        "n": 143,
        "mean_mr": 0.5786516853932584,
        "mean_mr_stderr": 0.05171896808854489,
        "mean_support_recall_hop2": 0.7132867132867133,
        "strong_em": 0.6083916083916084,
        "base_em": 0.22377622377622378,
        "strong_correct": 87,
        "base_correct": 32,
        "mean_current_mr": 0.7097902097902098,
        "delta_mr_vs_current": -0.1311385243969514,
        "current_em": 0.6013986013986014,
        "delta_strong_em_vs_current": 0.006993006993007089
      },
      "delta_p_neg_only": {
        "n": 143,
        "mean_mr": 0.5617977528089888,
        "mean_mr_stderr": 0.05167040240922828,
        "mean_support_recall_hop2": 0.7202797202797203,
        "strong_em": 0.5944055944055944,
        "base_em": 0.18181818181818182,
        "strong_correct": 85,
        "base_correct": 26,
        "mean_current_mr": 0.7097902097902098,
        "delta_mr_vs_current": -0.147992456981221,
        "current_em": 0.6013986013986014,
        "delta_strong_em_vs_current": -0.006993006993006978
      }
    }
  },
  "split": "experiments/prompt_update_qwen3_8b/data/positive_safety_b10_split_seed0.json",
  "case_state_index": "experiments/prompt_update_qwen3_8b/cache/positive_safety/case_state_index.json",
  "prompts": "experiments/prompt_update_qwen3_8b/results/positive_safety_b10_batch2_prompts_delta_group.jsonl",
  "out": "experiments/prompt_update_qwen3_8b/results/positive_safety_b10_batch2_eval_delta_group.jsonl",
  "model": "Qwen/Qwen3-8B",
  "base_url": "http://localhost:8000/v1",
  "composition": "mixed_custom",
  "batch_id": 2,
  "scopes": [
    "batch",
    "full143"
  ],
  "conditions": null,
  "retriever_dir": "examples/hotpotqa",
  "k": 7
}