{
  "n_rows": 612,
  "n_ok": 612,
  "n_error": 0,
  "by_scope_condition": {
    "batch1": {
      "base": {
        "n": 10,
        "mean_mr": 0.3333333333333333,
        "mean_mr_stderr": 0.16666666666666666,
        "mean_support_recall_hop2": 0.5,
        "strong_em": 0.4,
        "base_em": 0.0,
        "strong_correct": 4,
        "base_correct": 0,
        "mean_current_mr": 0.4,
        "delta_mr_vs_current": -0.06666666666666671,
        "current_em": 0.4,
        "delta_strong_em_vs_current": 0.0
      },
      "delta_p_custom_preserve": {
        "n": 10,
        "mean_mr": 0.3888888888888889,
        "mean_mr_stderr": 0.16197088596792503,
        "mean_support_recall_hop2": 0.55,
        "strong_em": 0.4,
        "base_em": 0.0,
        "strong_correct": 4,
        "base_correct": 0,
        "mean_current_mr": 0.4,
        "delta_mr_vs_current": -0.011111111111111127,
        "current_em": 0.4,
        "delta_strong_em_vs_current": 0.0
      },
      "delta_p_custom_signed": {
        "n": 10,
        "mean_mr": 0.5,
        "mean_mr_stderr": 0.16666666666666666,
        "mean_support_recall_hop2": 0.6,
        "strong_em": 0.4,
        "base_em": 0.0,
        "strong_correct": 4,
        "base_correct": 0,
        "mean_current_mr": 0.4,
        "delta_mr_vs_current": 0.09999999999999998,
        "current_em": 0.4,
        "delta_strong_em_vs_current": 0.0
      },
      "delta_p_neg_only": {
        "n": 10,
        "mean_mr": 0.6111111111111112,
        "mean_mr_stderr": 0.16197088596792503,
        "mean_support_recall_hop2": 0.65,
        "strong_em": 0.4,
        "base_em": 0.1,
        "strong_correct": 4,
        "base_correct": 1,
        "mean_current_mr": 0.4,
        "delta_mr_vs_current": 0.21111111111111114,
        "current_em": 0.4,
        "delta_strong_em_vs_current": 0.0
      }
    },
    "full143": {
      "base": {
        "n": 143,
        "mean_mr": 0.5056179775280899,
        "mean_mr_stderr": 0.05269449479616224,
        "mean_support_recall_hop2": 0.6993006993006993,
        "strong_em": 0.6153846153846154,
        "base_em": 0.1958041958041958,
        "strong_correct": 88,
        "base_correct": 28,
        "mean_current_mr": 0.7097902097902098,
        "delta_mr_vs_current": -0.2041722322621199,
        "current_em": 0.6013986013986014,
        "delta_strong_em_vs_current": 0.013986013986014068
      },
      "delta_p_custom_preserve": {
        "n": 143,
        "mean_mr": 0.5,
        "mean_mr_stderr": 0.05239416103266327,
        "mean_support_recall_hop2": 0.6818181818181818,
        "strong_em": 0.5874125874125874,
        "base_em": 0.20279720279720279,
        "strong_correct": 84,
        "base_correct": 29,
        "mean_current_mr": 0.7097902097902098,
        "delta_mr_vs_current": -0.2097902097902098,
        "current_em": 0.6013986013986014,
        "delta_strong_em_vs_current": -0.013986013986013957
      },
      "delta_p_custom_signed": {
        "n": 143,
        "mean_mr": 0.47752808988764045,
        "mean_mr_stderr": 0.05233936973816429,
        "mean_support_recall_hop2": 0.6468531468531469,
        "strong_em": 0.5734265734265734,
        "base_em": 0.18181818181818182,
        "strong_correct": 82,
        "base_correct": 26,
        "mean_current_mr": 0.7097902097902098,
        "delta_mr_vs_current": -0.23226211990256934,
        "current_em": 0.6013986013986014,
        "delta_strong_em_vs_current": -0.027972027972027913
      },
      "delta_p_neg_only": {
        "n": 143,
        "mean_mr": 0.5280898876404494,
        "mean_mr_stderr": 0.052002513396007144,
        "mean_support_recall_hop2": 0.6678321678321678,
        "strong_em": 0.5804195804195804,
        "base_em": 0.13286713286713286,
        "strong_correct": 83,
        "base_correct": 19,
        "mean_current_mr": 0.7097902097902098,
        "delta_mr_vs_current": -0.1817003221497604,
        "current_em": 0.6013986013986014,
        "delta_strong_em_vs_current": -0.020979020979020935
      }
    }
  },
  "split": "experiments/prompt_update_qwen3_8b/data/positive_safety_b10_split_seed0.json",
  "case_state_index": "experiments/prompt_update_qwen3_8b/cache/positive_safety/case_state_index.json",
  "prompts": "experiments/prompt_update_qwen3_8b/results/positive_safety_b10_batch1_prompts_delta_group.jsonl",
  "out": "experiments/prompt_update_qwen3_8b/results/positive_safety_b10_batch1_eval_delta_group.jsonl",
  "model": "Qwen/Qwen3-8B",
  "base_url": "http://localhost:8000/v1",
  "composition": "mixed_custom",
  "batch_id": 1,
  "scopes": [
    "batch",
    "full143"
  ],
  "conditions": null,
  "retriever_dir": "examples/hotpotqa",
  "k": 7
}