{
  "n_rows": 612,
  "n_ok": 612,
  "n_error": 0,
  "by_scope_condition": {
    "batch0": {
      "base": {
        "n": 10,
        "mean_mr": 0.2857142857142857,
        "mean_mr_stderr": 0.18442777839082938,
        "mean_support_recall_hop2": 0.6,
        "strong_em": 0.5,
        "base_em": 0.2,
        "strong_correct": 5,
        "base_correct": 2,
        "mean_current_mr": 0.4,
        "delta_mr_vs_current": -0.11428571428571432,
        "current_em": 0.4,
        "delta_strong_em_vs_current": 0.09999999999999998
      },
      "delta_p_custom_preserve": {
        "n": 10,
        "mean_mr": 0.35714285714285715,
        "mean_mr_stderr": 0.17975796274454164,
        "mean_support_recall_hop2": 0.6,
        "strong_em": 0.4,
        "base_em": 0.1,
        "strong_correct": 4,
        "base_correct": 1,
        "mean_current_mr": 0.4,
        "delta_mr_vs_current": -0.04285714285714287,
        "current_em": 0.4,
        "delta_strong_em_vs_current": 0.0
      },
      "delta_p_custom_signed": {
        "n": 10,
        "mean_mr": 0.5714285714285714,
        "mean_mr_stderr": 0.20203050891044214,
        "mean_support_recall_hop2": 0.65,
        "strong_em": 0.4,
        "base_em": 0.2,
        "strong_correct": 4,
        "base_correct": 2,
        "mean_current_mr": 0.4,
        "delta_mr_vs_current": 0.17142857142857137,
        "current_em": 0.4,
        "delta_strong_em_vs_current": 0.0
      },
      "delta_p_neg_only": {
        "n": 10,
        "mean_mr": 0.2857142857142857,
        "mean_mr_stderr": 0.18442777839082938,
        "mean_support_recall_hop2": 0.65,
        "strong_em": 0.5,
        "base_em": 0.2,
        "strong_correct": 5,
        "base_correct": 2,
        "mean_current_mr": 0.4,
        "delta_mr_vs_current": -0.11428571428571432,
        "current_em": 0.4,
        "delta_strong_em_vs_current": 0.09999999999999998
      }
    },
    "full143": {
      "base": {
        "n": 143,
        "mean_mr": 0.5168539325842697,
        "mean_mr_stderr": 0.05205765923694887,
        "mean_support_recall_hop2": 0.6853146853146853,
        "strong_em": 0.5524475524475524,
        "base_em": 0.20279720279720279,
        "strong_correct": 79,
        "base_correct": 29,
        "mean_current_mr": 0.7097902097902098,
        "delta_mr_vs_current": -0.1929362772059401,
        "current_em": 0.6013986013986014,
        "delta_strong_em_vs_current": -0.04895104895104896
      },
      "delta_p_custom_preserve": {
        "n": 143,
        "mean_mr": 0.5224719101123596,
        "mean_mr_stderr": 0.05233936973816429,
        "mean_support_recall_hop2": 0.7342657342657343,
        "strong_em": 0.5874125874125874,
        "base_em": 0.21678321678321677,
        "strong_correct": 84,
        "base_correct": 31,
        "mean_current_mr": 0.7097902097902098,
        "delta_mr_vs_current": -0.1873182996778502,
        "current_em": 0.6013986013986014,
        "delta_strong_em_vs_current": -0.013986013986013957
      },
      "delta_p_custom_signed": {
        "n": 143,
        "mean_mr": 0.5617977528089888,
        "mean_mr_stderr": 0.05167040240922828,
        "mean_support_recall_hop2": 0.6713286713286714,
        "strong_em": 0.5944055944055944,
        "base_em": 0.18181818181818182,
        "strong_correct": 85,
        "base_correct": 26,
        "mean_current_mr": 0.7097902097902098,
        "delta_mr_vs_current": -0.147992456981221,
        "current_em": 0.6013986013986014,
        "delta_strong_em_vs_current": -0.006993006993006978
      },
      "delta_p_neg_only": {
        "n": 143,
        "mean_mr": 0.5842696629213483,
        "mean_mr_stderr": 0.05130818967666931,
        "mean_support_recall_hop2": 0.6923076923076923,
        "strong_em": 0.5874125874125874,
        "base_em": 0.1958041958041958,
        "strong_correct": 84,
        "base_correct": 28,
        "mean_current_mr": 0.7097902097902098,
        "delta_mr_vs_current": -0.1255205468688615,
        "current_em": 0.6013986013986014,
        "delta_strong_em_vs_current": -0.013986013986013957
      }
    }
  },
  "split": "experiments/prompt_update_qwen3_8b/data/positive_safety_b10_split_seed0.json",
  "case_state_index": "experiments/prompt_update_qwen3_8b/cache/positive_safety/case_state_index.json",
  "prompts": "experiments/prompt_update_qwen3_8b/results/positive_safety_b10_batch0_prompts_delta_group.jsonl",
  "out": "experiments/prompt_update_qwen3_8b/results/positive_safety_b10_batch0_eval_delta_group.jsonl",
  "model": "Qwen/Qwen3-8B",
  "base_url": "http://localhost:8000/v1",
  "composition": "mixed_custom",
  "batch_id": 0,
  "scopes": [
    "batch",
    "full143"
  ],
  "conditions": null,
  "retriever_dir": "examples/hotpotqa",
  "k": 7
}