{
  "n_tasks": 152,
  "n_midpoint_triples": 76,
  "left_recovery_rate": 0.5526315789473685,
  "right_recovery_rate": 0.5657894736842105,
  "both_recovery_rate": 0.34210526315789475,
  "mean_recovery_rate": 0.5592105263157895,
  "tie_or_invalid_rate": 0.1118421052631579
}