{
  "n_tasks": 152,
  "n_midpoint_triples": 76,
  "left_recovery_rate": 0.4868421052631579,
  "right_recovery_rate": 0.618421052631579,
  "both_recovery_rate": 0.2894736842105263,
  "mean_recovery_rate": 0.5526315789473685,
  "tie_or_invalid_rate": 0.09868421052631579
}