{
  "n_tasks": 152,
  "n_midpoint_triples": 76,
  "left_recovery_rate": 0.5921052631578947,
  "right_recovery_rate": 0.6052631578947368,
  "both_recovery_rate": 0.3815789473684211,
  "mean_recovery_rate": 0.5986842105263158,
  "tie_or_invalid_rate": 0.046052631578947366
}