{
  "n_tasks": 152,
  "n_midpoint_triples": 76,
  "left_recovery_rate": 0.5921052631578947,
  "right_recovery_rate": 0.6578947368421053,
  "both_recovery_rate": 0.40789473684210525,
  "mean_recovery_rate": 0.625,
  "tie_or_invalid_rate": 0.07236842105263158
}