{
  "n_tasks": 152,
  "n_midpoint_triples": 76,
  "left_recovery_rate": 0.5526315789473685,
  "right_recovery_rate": 0.3157894736842105,
  "both_recovery_rate": 0.18421052631578946,
  "mean_recovery_rate": 0.4342105263157895,
  "tie_or_invalid_rate": 0.3157894736842105
}