{
  "n_tasks": 152,
  "n_midpoint_triples": 76,
  "left_recovery_rate": 0.5394736842105263,
  "right_recovery_rate": 0.5,
  "both_recovery_rate": 0.3026315789473684,
  "mean_recovery_rate": 0.5197368421052632,
  "tie_or_invalid_rate": 0.13815789473684212
}