{
  "n_tasks": 152,
  "n_midpoint_triples": 76,
  "left_recovery_rate": 0.631578947368421,
  "right_recovery_rate": 0.6447368421052632,
  "both_recovery_rate": 0.4342105263157895,
  "mean_recovery_rate": 0.6381578947368421,
  "tie_or_invalid_rate": 0.07236842105263158
}