{
  "n_tasks": 152,
  "n_midpoint_triples": 76,
  "left_pass_rate": 0.5263157894736842,
  "right_pass_rate": 0.5394736842105263,
  "both_pass_rate": 0.3157894736842105,
  "mean_shrink_score": 0.5328947368421053,
  "tie_or_invalid_rate": 0.1118421052631579
}