{
  "baselines": {
    "current": {
      "name": "current",
      "n": 48,
      "mean_mr": 0.052083333333333336,
      "mean_support_recall_hop2": 0.3645833333333333,
      "base_em": 0.10416666666666667,
      "strong_em": 0.4166666666666667,
      "strong_correct": 20,
      "base_correct": 5
    },
    "target": {
      "name": "target",
      "n": 48,
      "mean_mr": 0.9479166666666666,
      "mean_support_recall_hop2": 0.8958333333333334,
      "base_em": 0.1875,
      "strong_em": 0.5833333333333334,
      "strong_correct": 28,
      "base_correct": 9
    }
  },
  "by_arm_id": {
    "edge_0_Rq": {
      "name": "edge_0_Rq",
      "n": 48,
      "mean_mr": 0.375,
      "mean_support_recall_hop2": 0.53125,
      "base_em": 0.125,
      "strong_em": 0.4791666666666667,
      "strong_correct": 23,
      "base_correct": 6
    },
    "edge_1_Rq": {
      "name": "edge_1_Rq",
      "n": 48,
      "mean_mr": 0.3958333333333333,
      "mean_support_recall_hop2": 0.5208333333333334,
      "base_em": 0.10416666666666667,
      "strong_em": 0.4791666666666667,
      "strong_correct": 23,
      "base_correct": 5
    },
    "edge_2_Rq": {
      "name": "edge_2_Rq",
      "n": 47,
      "mean_mr": 0.26595744680851063,
      "mean_support_recall_hop2": 0.4787234042553192,
      "base_em": 0.1702127659574468,
      "strong_em": 0.46808510638297873,
      "strong_correct": 22,
      "base_correct": 8
    },
    "edge_3_Rq": {
      "name": "edge_3_Rq",
      "n": 41,
      "mean_mr": 0.4024390243902439,
      "mean_support_recall_hop2": 0.5,
      "base_em": 0.17073170731707318,
      "strong_em": 0.5121951219512195,
      "strong_correct": 21,
      "base_correct": 7
    },
    "edge_4_Rq": {
      "name": "edge_4_Rq",
      "n": 27,
      "mean_mr": 0.4074074074074074,
      "mean_support_recall_hop2": 0.46296296296296297,
      "base_em": 0.14814814814814814,
      "strong_em": 0.48148148148148145,
      "strong_correct": 13,
      "base_correct": 4
    }
  },
  "by_family": {
    "single_edge": {
      "name": "single_edge",
      "n": 211,
      "mean_mr": 0.36492890995260663,
      "mean_support_recall_hop2": 0.5023696682464455,
      "base_em": 0.14218009478672985,
      "strong_em": 0.4834123222748815,
      "strong_correct": 102,
      "base_correct": 30
    }
  },
  "best_single_edge": {
    "R_only": {
      "name": "best_single_edge_R_only",
      "n": 0,
      "mean_mr": null,
      "mean_support_recall_hop2": null,
      "base_em": null,
      "strong_em": null,
      "strong_correct": 0,
      "base_correct": 0
    },
    "Rq": {
      "name": "best_single_edge_Rq",
      "n": 48,
      "mean_mr": 0.5729166666666666,
      "mean_support_recall_hop2": 0.6145833333333334,
      "base_em": 0.14583333333333334,
      "strong_em": 0.5833333333333334,
      "strong_correct": 28,
      "base_correct": 7
    }
  },
  "edge_index_breakdown": {
    "R_only": {},
    "Rq": {
      "0": {
        "name": "edge_0_Rq",
        "n": 48,
        "mean_mr": 0.375,
        "mean_support_recall_hop2": 0.53125,
        "base_em": 0.125,
        "strong_em": 0.4791666666666667,
        "strong_correct": 23,
        "base_correct": 6
      },
      "1": {
        "name": "edge_1_Rq",
        "n": 48,
        "mean_mr": 0.3958333333333333,
        "mean_support_recall_hop2": 0.5208333333333334,
        "base_em": 0.10416666666666667,
        "strong_em": 0.4791666666666667,
        "strong_correct": 23,
        "base_correct": 5
      },
      "2": {
        "name": "edge_2_Rq",
        "n": 47,
        "mean_mr": 0.26595744680851063,
        "mean_support_recall_hop2": 0.4787234042553192,
        "base_em": 0.1702127659574468,
        "strong_em": 0.46808510638297873,
        "strong_correct": 22,
        "base_correct": 8
      },
      "3": {
        "name": "edge_3_Rq",
        "n": 41,
        "mean_mr": 0.4024390243902439,
        "mean_support_recall_hop2": 0.5,
        "base_em": 0.17073170731707318,
        "strong_em": 0.5121951219512195,
        "strong_correct": 21,
        "base_correct": 7
      },
      "4": {
        "name": "edge_4_Rq",
        "n": 27,
        "mean_mr": 0.4074074074074074,
        "mean_support_recall_hop2": 0.46296296296296297,
        "base_em": 0.14814814814814814,
        "strong_em": 0.48148148148148145,
        "strong_correct": 13,
        "base_correct": 4
      }
    }
  },
  "pairwise_vs_current_mr": {
    "edge_0_Rq": {
      "n": 48,
      "mean_delta_mr": 0.3229166666666667,
      "win": 16,
      "tie": 32,
      "lose": 0
    },
    "edge_1_Rq": {
      "n": 48,
      "mean_delta_mr": 0.34375,
      "win": 18,
      "tie": 29,
      "lose": 1
    },
    "edge_2_Rq": {
      "n": 47,
      "mean_delta_mr": 0.2127659574468085,
      "win": 11,
      "tie": 36,
      "lose": 0
    },
    "edge_3_Rq": {
      "n": 41,
      "mean_delta_mr": 0.34146341463414637,
      "win": 15,
      "tie": 25,
      "lose": 1
    },
    "edge_4_Rq": {
      "n": 27,
      "mean_delta_mr": 0.35185185185185186,
      "win": 11,
      "tie": 15,
      "lose": 1
    },
    "best_single_edge_R_only": {
      "n": 0,
      "mean_delta_mr": null,
      "win": 0,
      "tie": 0,
      "lose": 0
    },
    "best_single_edge_Rq": {
      "n": 48,
      "mean_delta_mr": 0.5208333333333334,
      "win": 27,
      "tie": 21,
      "lose": 0
    }
  },
  "arm_set": "single_rq",
  "n_error_rows": 0,
  "traces": "experiments/feedback_distance_v2/results/rtrace_midpoint_validity_v2_traces_hit48.jsonl",
  "out": "experiments/feedback_distance_v2/results/delta_granularity_prompt_update_eval_genbias_single_rq_hit48.jsonl",
  "n_trace_cases": 48,
  "n_eval_rows": 211,
  "model": "openai/gpt-5-mini",
  "retriever_dir": "examples/hotpotqa",
  "k": 7,
  "include_prefix": false,
  "include_full_r_only": false
}