{
  "n_tasks": 152,
  "n_midpoint_triples": 76,
  "left_recovery_rate": 0.7368421052631579,
  "right_recovery_rate": 0.6973684210526315,
  "both_recovery_rate": 0.5263157894736842,
  "mean_recovery_rate": 0.7171052631578947,
  "tie_or_invalid_rate": 0.039473684210526314
}